[{
  "label": "mac / steam",
  "app-config": "steam.appConfig.js",
  "electron-builder-args": "zip",
  "artifact-key": "steam-mac",
  "runs-on": "macos-latest"
}, {
  "label": "windows / steam",
  "app-config": "steam.appConfig.js",
  "electron-builder-args": "portable",
  "artifact-key": "steam-windows",
  "runs-on": "windows-latest"
}, {
  "label": "linux / steam",
  "app-config": "steam.appConfig.js",
  "electron-builder-args": "AppImage",
  "artifact-key": "steam-linux",
  "runs-on": "ubuntu-latest"
}]
